{
  "trained_at": "2026-02-26T04:47:42Z",
  "model_version": "v2_stacked",
  "pipeline": "xgb_ensemble_8x + elasticnet_meta",
  "train_r2": 0.4939379002317257,
  "test_r2": 0.5858024537429056,
  "test_rmse": 0.044050484393062334,
  "test_spearman": 0.783660274345289,
  "n_train": 526,
  "n_val": 680,
  "n_test": 868,
  "n_base_models": 8,
  "n_active_features": 25,
  "feature_importances": {
    "roi_7d_dm_mean": 0.0740516409277916,
    "roi_7d_dm_trend": 0.005421988666057587,
    "roi_7d_rank_mean": 0.023452214896678925,
    "roi_7d_rank_trend": 0.005219090264290571,
    "roi_30d_dm_mean": 0.03348180279135704,
    "roi_30d_dm_trend": 0.005498908925801516,
    "roi_30d_rank_mean": 0.00957239605486393,
    "roi_30d_rank_trend": 0.004498653579503298,
    "roi_90d_dm_mean": 0.012636994943022728,
    "roi_90d_dm_trend": 0.11203502118587494,
    "roi_90d_rank_mean": 0.005080548580735922,
    "roi_90d_rank_trend": 0.07825824618339539,
    "pnl_7d_dm_mean": 0.0054266187362372875,
    "pnl_7d_dm_trend": 0.004044036380946636,
    "pnl_7d_rank_mean": 0.047316182404756546,
    "pnl_7d_rank_trend": 0.0072936201468110085,
    "pnl_30d_dm_mean": 0.009068978950381279,
    "pnl_30d_dm_trend": 0.0035741222091019154,
    "pnl_30d_rank_mean": 0.006283345632255077,
    "pnl_30d_rank_trend": 0.005500358995050192,
    "pnl_90d_dm_mean": 0.0045707738026976585,
    "pnl_90d_dm_trend": 0.004504287149757147,
    "pnl_90d_rank_mean": 0.0045822118408977985,
    "pnl_90d_rank_trend": 0.032970551401376724,
    "win_rate_dm_mean": 0.0018927580676972866,
    "win_rate_dm_trend": 0.004393219947814941,
    "win_rate_rank_mean": 0.003912677988409996,
    "win_rate_rank_trend": 0.007229122333228588,
    "profit_factor_dm_mean": 0.003464555600658059,
    "profit_factor_dm_trend": 0.0026618654374033213,
    "profit_factor_rank_mean": 0.005656313616782427,
    "profit_factor_rank_trend": 0.002924551721662283,
    "pseudo_sharpe_dm_mean": 0.0031073058489710093,
    "pseudo_sharpe_dm_trend": 0.004658173769712448,
    "pseudo_sharpe_rank_mean": 0.0037632551975548267,
    "pseudo_sharpe_rank_trend": 0.010318461805582047,
    "trade_count_dm_mean": 0.0040899356827139854,
    "trade_count_dm_trend": 0.0024921586737036705,
    "trade_count_rank_mean": 0.004986885003745556,
    "trade_count_rank_trend": 0.004183175507932901,
    "avg_hold_hours_dm_mean": 0.003991461358964443,
    "avg_hold_hours_dm_trend": 0.0035031987354159355,
    "avg_hold_hours_rank_mean": 0.004210780840367079,
    "avg_hold_hours_rank_trend": 0.002827602904289961,
    "trades_per_day_dm_mean": 0.002438758499920368,
    "trades_per_day_dm_trend": 0.0033592814579606056,
    "trades_per_day_rank_mean": 0.0026552777271717787,
    "trades_per_day_rank_trend": 0.003236428601667285,
    "consistency_score_dm_mean": 0.0030507375486195087,
    "consistency_score_dm_trend": 0.004542850889265537,
    "consistency_score_rank_mean": 0.0035992967896163464,
    "consistency_score_rank_trend": 0.0038161342963576317,
    "smart_money_bonus_dm_mean": 0.0038139529060572386,
    "smart_money_bonus_dm_trend": 0.003472002688795328,
    "smart_money_bonus_rank_mean": 0.00478010531514883,
    "smart_money_bonus_rank_trend": 0.0018982418114319444,
    "recency_decay_dm_mean": 0.005975430831313133,
    "recency_decay_dm_trend": 0.0033460373524576426,
    "recency_decay_rank_mean": 0.005406934767961502,
    "recency_decay_rank_trend": 0.003942460753023624,
    "pnl_volatility_7d_dm_mean": 0.0034894179552793503,
    "pnl_volatility_7d_dm_trend": 0.002873777411878109,
    "pnl_volatility_7d_rank_mean": 0.005488405004143715,
    "pnl_volatility_7d_rank_trend": 0.0031170514412224293,
    "days_since_last_trade_dm_mean": 0.0036141115706413984,
    "days_since_last_trade_dm_trend": 0.004451145883649588,
    "days_since_last_trade_rank_mean": 0.0062978845089674,
    "days_since_last_trade_rank_trend": 0.0032837025355547667,
    "max_drawdown_30d_dm_mean": 0.0031819273717701435,
    "max_drawdown_30d_dm_trend": 0.003970111254602671,
    "max_drawdown_30d_rank_mean": 0.003148584393784404,
    "max_drawdown_30d_rank_trend": 0.0038723808247596025,
    "roi_momentum_7_30_dm_mean": 0.02526676654815674,
    "roi_momentum_7_30_dm_trend": 0.010108373127877712,
    "roi_momentum_7_30_rank_mean": 0.0036927047185599804,
    "roi_momentum_7_30_rank_trend": 0.004222885239869356,
    "roi_momentum_30_90_dm_mean": 0.004710009787231684,
    "roi_momentum_30_90_dm_trend": 0.0039683748036623,
    "roi_momentum_30_90_rank_mean": 0.002072255127131939,
    "roi_momentum_30_90_rank_trend": 0.0049957591108977795,
    "pnl_momentum_7_30_dm_mean": 0.0,
    "pnl_momentum_7_30_dm_trend": 0.003287899773567915,
    "pnl_momentum_7_30_rank_mean": 0.003350009210407734,
    "pnl_momentum_7_30_rank_trend": 0.0027842128183692694,
    "wr_x_pf_dm_mean": 0.0027455221861600876,
    "wr_x_pf_dm_trend": 0.0039025263395160437,
    "wr_x_pf_rank_mean": 0.004501254763454199,
    "wr_x_pf_rank_trend": 0.0043759713880717754,
    "sharpe_x_wr_dm_mean": 0.003538290038704872,
    "sharpe_x_wr_dm_trend": 0.0034744455479085445,
    "sharpe_x_wr_rank_mean": 0.0028114488814026117,
    "sharpe_x_wr_rank_trend": 0.005767508875578642,
    "roi7_x_rec_dm_mean": 0.15227371454238892,
    "roi7_x_rec_dm_trend": 0.006087832618504763,
    "roi7_x_rec_rank_mean": 0.037642691284418106,
    "roi7_x_rec_rank_trend": 0.005328941624611616,
    "n_windows": 0.0043581449426710606
  },
  "meta_learner_alpha": 0.0025,
  "meta_learner_l1_ratio": 0.75,
  "base_model_configs": [
    {
      "max_depth": 1,
      "reg_alpha": 0.1,
      "reg_lambda": 2.0,
      "min_child_weight": 15,
      "random_state": 42
    },
    {
      "max_depth": 1,
      "reg_alpha": 0.2,
      "reg_lambda": 3.0,
      "min_child_weight": 15,
      "random_state": 123
    },
    {
      "max_depth": 1,
      "reg_alpha": 0.5,
      "reg_lambda": 5.0,
      "min_child_weight": 20,
      "random_state": 456
    },
    {
      "max_depth": 1,
      "reg_alpha": 0.1,
      "reg_lambda": 2.0,
      "min_child_weight": 15,
      "random_state": 789,
      "colsample_bytree": 0.5
    },
    {
      "max_depth": 1,
      "reg_alpha": 0.3,
      "reg_lambda": 3.0,
      "min_child_weight": 10,
      "random_state": 1024
    },
    {
      "max_depth": 1,
      "reg_alpha": 0.1,
      "reg_lambda": 1.0,
      "min_child_weight": 10,
      "random_state": 2048
    },
    {
      "max_depth": 1,
      "reg_alpha": 0.1,
      "reg_lambda": 2.0,
      "min_child_weight": 15,
      "random_state": 3333,
      "subsample": 0.6
    },
    {
      "max_depth": 1,
      "reg_alpha": 0.15,
      "reg_lambda": 2.5,
      "min_child_weight": 12,
      "random_state": 5555
    }
  ]
}